23.4,5.55,1,-62,-90,-89,-69,-90,-66,-90,-70,-39,-80,-90,-90,-92,-92,-92,-92,-92,-92,-92,-92,-92,-92,-92,-92,-92,-92,-92,-92,-92,-92
23.4,5.55,2.503000020980835,-62,-83,-89,-66,-90,-66,-90,-72,-40,-84,-90,-90,-92,-92,-92,-92,-92,-92,-92,-92,-92,-92,-92,-92,-92,-92,-92,-92,-92,-92
23.4,5.54,4.006999969482422,-62,-86,-85,-69,-90,-67,-90,-71,-40,-84,-90,-90,-90,-92,-92,-92,-92,-92,-92,-92,-92,-92,-92,-92,-92,-92,-92,-92,-92,-92
23.41,5.54,5.509999990463257,-62,-89,-90,-69,-88,-67,-90,-69,-39,-81,-90,-90,-90,-92,-92,-92,-92,-92,-92,-92,-92,-92,-92,-92,-92,-92,-92,-92,-92,-92
23.41,5.54,7.013000011444092,-63,-90,-90,-68,-90,-65,-90,-69,-40,-90,-90,-90,-90,-92,-92,-92,-92,-92,-92,-92,-92,-92,-92,-92,-92,-92,-92,-92,-92,-92
23.41,5.54,8.516000032424927,-64,-90,-86,-67,-90,-67,-90,-71,-40,-90,-90,-90,-90,-92,-92,-92,-92,-92,-92,-92,-92,-92,-92,-92,-92,-92,-92,-92,-92,-92
23.41,5.53,10.01999998092651,-65,-90,-86,-69,-90,-67,-90,-71,-37,-90,-90,-90,-92,-92,-92,-92,-92,-92,-92,-92,-92,-92,-92,-92,-92,-92,-92,-92,-92,-92
23.41,5.53,11.52300000190735,-63,-90,-88,-68,-90,-67,-90,-72,-39,-90,-90,-90,-92,-92,-92,-92,-92,-92,-92,-92,-92,-92,-92,-92,-92,-92,-92,-92,-92,-92
23.41,5.53,13.02600002288818,-64,-90,-83,-67,-90,-67,-90,-71,-37,-90,-90,-90,-92,-90,-92,-92,-92,-92,-92,-92,-92,-92,-92,-92,-92,-92,-92,-92,-92,-92
23.42,5.53,14.52999997138977,-65,-90,-86,-67,-90,-66,-90,-72,-40,-90,-90,-90,-92,-90,-92,-92,-92,-92,-92,-92,-92,-92,-92,-92,-92,-92,-92,-92,-92,-92
23.42,5.53,16.03400015830994,-65,-90,-87,-69,-90,-68,-90,-70,-40,-90,-90,-90,-92,-90,-92,-92,-92,-92,-92,-92,-92,-92,-92,-92,-92,-92,-92,-92,-92,-92
23.42,5.52,17.53800010681152,-65,-90,-88,-71,-86,-66,-90,-68,-39,-90,-90,-90,-92,-90,-92,-92,-92,-92,-92,-92,-92,-92,-92,-92,-92,-92,-92,-92,-92,-92
23.42,5.52,19.04100012779236,-65,-90,-82,-68,-80,-67,-90,-68,-36,-90,-90,-90,-92,-83,-92,-92,-92,-92,-92,-92,-92,-92,-92,-92,-92,-92,-92,-92,-92,-92
23.42,5.52,20.54400014877319,-64,-90,-90,-66,-90,-67,-90,-70,-36,-90,-90,-90,-92,-83,-90,-92,-92,-92,-92,-92,-92,-92,-92,-92,-92,-92,-92,-92,-92,-92
23.42,5.52,22.04700016975403,-68,-90,-87,-70,-85,-67,-90,-68,-37,-90,-90,-90,-92,-83,-90,-92,-92,-92,-92,-92,-92,-92,-92,-92,-92,-92,-92,-92,-92,-92
23.42,5.51,23.54999995231628,-68,-90,-90,-69,-90,-65,-90,-68,-39,-90,-90,-90,-92,-90,-90,-92,-92,-92,-92,-92,-92,-92,-92,-92,-92,-92,-92,-92,-92,-92
23.43,5.51,25.05400013923645,-67,-90,-86,-69,-90,-66,-90,-70,-37,-90,-90,-90,-92,-90,-90,-92,-92,-92,-92,-92,-92,-92,-92,-92,-92,-92,-92,-92,-92,-92
23.43,5.51,26.55800008773804,-65,-90,-83,-69,-90,-67,-90,-70,-38,-90,-90,-90,-92,-90,-90,-92,-92,-92,-92,-92,-92,-92,-92,-92,-92,-92,-92,-92,-92,-92
23.43,5.51,28.06200003623962,-66,-90,-87,-68,-90,-67,-90,-69,-38,-90,-90,-83,-92,-90,-92,-92,-92,-92,-92,-92,-92,-92,-92,-92,-92,-92,-92,-92,-92,-92
23.43,5.5,29.56500005722046,-68,-90,-90,-68,-90,-66,-90,-71,-36,-90,-90,-90,-92,-92,-92,-92,-92,-92,-92,-92,-92,-92,-92,-92,-92,-92,-92,-92,-92,-92
23.43,5.5,31.06900000572205,-65,-90,-90,-67,-90,-67,-90,-67,-42,-90,-88,-90,-92,-92,-92,-92,-92,-92,-92,-92,-92,-92,-92,-92,-92,-92,-92,-92,-92,-92
23.43,5.5,32.57200002670288,-64,-90,-84,-68,-90,-66,-90,-69,-37,-90,-90,-90,-92,-92,-92,-92,-92,-92,-92,-92,-92,-92,-92,-92,-92,-92,-92,-92,-92,-92
23.44,5.5,34.07500004768372,-62,-90,-89,-66,-82,-67,-90,-70,-41,-90,-90,-90,-92,-90,-92,-92,-92,-92,-92,-92,-92,-92,-92,-92,-92,-92,-92,-92,-92,-92
23.44,5.49,35.5789999961853,-62,-90,-84,-67,-90,-66,-90,-72,-40,-90,-90,-90,-92,-90,-92,-92,-92,-92,-92,-92,-92,-92,-92,-92,-92,-92,-92,-92,-92,-92
23.44,5.49,37.08200001716614,-63,-90,-90,-67,-90,-66,-90,-70,-42,-90,-90,-90,-92,-90,-92,-92,-92,-92,-92,-92,-92,-92,-92,-92,-92,-92,-92,-92,-92,-92
23.47,5.49,38.58500003814697,-63,-84,-87,-66,-90,-69,-90,-69,-41,-90,-83,-90,-92,-90,-92,-92,-92,-92,-92,-92,-92,-92,-92,-92,-92,-92,-92,-92,-92,-92
23.74,5.47,40.08800005912781,-66,-90,-90,-65,-90,-66,-90,-69,-48,-90,-83,-90,-92,-90,-92,-87,-92,-92,-92,-92,-92,-92,-92,-92,-92,-92,-92,-92,-92,-92
23.73,5.51,41.59100008010864,-65,-90,-88,-64,-90,-71,-90,-65,-43,-90,-90,-90,-92,-86,-92,-87,-92,-92,-92,-92,-92,-92,-92,-92,-92,-92,-92,-92,-92,-92
23.69,5.54,43.09400010108948,-59,-90,-90,-64,-90,-72,-90,-68,-46,-90,-89,-90,-92,-86,-92,-87,-92,-92,-92,-92,-92,-92,-92,-92,-92,-92,-92,-92,-92,-92
23.31,5.7,44.59800004959106,-62,-90,-90,-67,-92,-67,-90,-71,-50,-90,-90,-90,-92,-86,-92,-87,-92,-92,-92,-92,-92,-92,-92,-92,-92,-92,-92,-92,-92,-92
22.71,6.04,46.1010000705719,-62,-90,-90,-64,-90,-67,-90,-69,-45,-90,-90,-90,-92,-86,-92,-92,-92,-92,-92,-92,-92,-92,-92,-92,-92,-92,-92,-92,-92,-92
22.08,6.04,47.60400009155273,-64,-90,-88,-68,-90,-68,-90,-68,-46,-90,-90,-90,-90,-92,-92,-92,-92,-92,-92,-92,-92,-92,-92,-92,-92,-92,-92,-92,-92,-92
21.62,6.1,49.10700011253357,-65,-82,-90,-66,-90,-69,-90,-69,-47,-90,-75,-90,-90,-80,-92,-92,-92,-92,-92,-92,-92,-92,-92,-92,-92,-92,-92,-92,-92,-92
21.2,6.12,50.6100001335144,-64,-77,-90,-65,-90,-68,-90,-68,-45,-90,-90,-90,-90,-79,-92,-92,-92,-92,-92,-92,-92,-92,-92,-92,-92,-92,-92,-92,-92,-92
20.63,6.16,52.11300015449524,-60,-76,-90,-65,-90,-70,-90,-63,-49,-87,-90,-90,-90,-79,-92,-92,-92,-92,-92,-92,-92,-92,-92,-92,-92,-92,-92,-92,-92,-92
20.15,6.16,53.61600017547607,-59,-75,-90,-69,-90,-90,-90,-57,-48,-81,-90,-83,-90,-79,-92,-92,-92,-92,-92,-92,-92,-92,-92,-92,-92,-92,-92,-92,-92,-92
19.77,6.26,55.11899995803833,-60,-69,-90,-64,-90,-69,-78,-56,-47,-77,-90,-74,-90,-79,-92,-92,-92,-92,-92,-92,-92,-92,-92,-92,-92,-92,-92,-92,-92,-92
19.51,6.63,56.62199997901917,-60,-77,-92,-66,-90,-78,-82,-56,-46,-70,-92,-74,-92,-92,-92,-72,-90,-92,-92,-92,-92,-92,-92,-92,-92,-92,-92,-92,-92,-92
19.25,7.03,58.125,-59,-70,-92,-66,-87,-82,-85,-57,-47,-72,-90,-81,-92,-92,-92,-75,-90,-85,-90,-92,-92,-92,-92,-92,-92,-92,-92,-92,-92,-92
19.1,7.3,59.62899994850159,-60,-74,-92,-61,-90,-79,-83,-58,-47,-67,-90,-72,-92,-92,-92,-73,-90,-77,-90,-92,-92,-92,-92,-92,-92,-92,-92,-92,-92,-92
18.84,7.73,61.13199996948242,-57,-67,-92,-65,-87,-86,-75,-57,-51,-69,-90,-81,-92,-92,-92,-76,-90,-90,-90,-92,-92,-92,-92,-92,-92,-92,-92,-92,-92,-92
18.54,8.19,62.63499999046326,-60,-67,-92,-62,-90,-79,-78,-51,-50,-67,-90,-75,-92,-92,-92,-73,-90,-90,-90,-92,-92,-92,-92,-92,-92,-92,-92,-92,-92,-92
18.21,8.699999999999999,64.13900017738342,-65,-68,-92,-64,-90,-81,-72,-50,-57,-70,-90,-72,-92,-92,-92,-74,-90,-90,-90,-92,-92,-92,-92,-92,-92,-92,-92,-92,-92,-92
18.03,9.07,65.64199995994568,-66,-74,-92,-66,-86,-75,-79,-50,-54,-68,-86,-77,-92,-92,-92,-76,-90,-76,-90,-92,-92,-92,-92,-92,-92,-92,-92,-92,-92,-92
18.1,9.640000000000001,67.14499998092651,-65,-65,-92,-66,-84,-70,-79,-53,-57,-68,-89,-71,-92,-92,-92,-73,-90,-82,-90,-92,-92,-92,-92,-92,-92,-92,-92,-92,-92,-92
18.38,10.08,68.64900016784668,-60,-67,-92,-68,-84,-75,-72,-47,-57,-71,-89,-75,-92,-92,-92,-82,-90,-82,-90,-92,-92,-92,-92,-92,-92,-92,-92,-92,-92,-92
18.81,10.37,70.15199995040894,-67,-65,-92,-74,-84,-79,-74,-55,-56,-78,-85,-72,-92,-92,-92,-77,-90,-82,-90,-92,-92,-92,-92,-92,-92,-92,-92,-92,-92,-92
19.3,10.56,71.6560001373291,-71,-70,-92,-75,-90,-84,-90,-53,-62,-78,-88,-72,-92,-92,-92,-90,-90,-82,-90,-92,-92,-92,-92,-92,-92,-92,-92,-92,-92,-92
19.81,10.79,73.16000008583069,-67,-67,-90,-73,-90,-76,-90,-53,-59,-76,-83,-74,-92,-92,-92,-77,-90,-92,-90,-92,-92,-92,-92,-92,-92,-92,-92,-92,-92,-92
20.22,10.99,74.66400003433228,-68,-70,-90,-74,-90,-69,-81,-57,-61,-81,-79,-72,-92,-92,-92,-83,-90,-92,-90,-92,-92,-92,-92,-92,-92,-92,-92,-92,-92,-92
20.74,11.17,76.16700005531311,-75,-70,-90,-76,-90,-65,-90,-61,-59,-87,-83,-78,-90,-92,-92,-74,-90,-92,-92,-92,-92,-92,-92,-92,-92,-92,-92,-92,-92,-92
21.12,11.29,77.6710000038147,-69,-73,-90,-73,-90,-70,-90,-63,-57,-90,-74,-79,-90,-92,-92,-79,-90,-92,-92,-92,-92,-92,-92,-92,-92,-92,-92,-92,-92,-92
21.59,11.45,79.17499995231628,-69,-74,-90,-74,-90,-66,-90,-67,-67,-90,-71,-77,-90,-92,-92,-88,-90,-92,-92,-92,-92,-92,-92,-92,-92,-92,-92,-92,-92,-92
22.09,11.61,80.67900013923645,-70,-72,-90,-73,-90,-70,-90,-62,-62,-90,-76,-79,-90,-92,-92,-84,-90,-92,-92,-92,-92,-92,-92,-92,-92,-92,-92,-92,-92,-92
22.51,11.72,82.18200016021729,-71,-74,-90,-76,-90,-70,-90,-65,-60,-90,-77,-79,-90,-92,-92,-90,-90,-92,-92,-92,-92,-92,-92,-92,-92,-92,-92,-92,-92,-92
22.99,11.85,83.68500018119812,-70,-76,-90,-72,-90,-69,-90,-62,-62,-90,-70,-77,-90,-92,-92,-87,-90,-92,-92,-92,-92,-92,-92,-92,-92,-92,-92,-92,-92,-92
23.5,11.94,85.18900012969971,-73,-75,-90,-75,-92,-67,-89,-65,-61,-90,-78,-78,-90,-92,-92,-90,-92,-92,-92,-79,-92,-92,-92,-92,-92,-92,-92,-92,-92,-92
23.9,12.08,86.69300007820129,-71,-77,-84,-81,-92,-68,-90,-63,-62,-90,-74,-83,-90,-92,-92,-90,-92,-92,-92,-90,-92,-92,-92,-92,-92,-92,-92,-92,-92,-92
24.28,12.19,88.19700002670288,-70,-80,-90,-74,-92,-69,-90,-64,-64,-90,-69,-90,-90,-92,-92,-90,-92,-92,-92,-81,-92,-92,-92,-92,-92,-92,-92,-92,-92,-92
24.66,12.37,89.70000004768372,-74,-82,-90,-75,-92,-67,-90,-65,-63,-90,-71,-89,-90,-92,-92,-85,-92,-92,-92,-75,-92,-92,-92,-92,-92,-92,-92,-92,-92,-92
24.92,12.66,91.2039999961853,-71,-76,-84,-79,-92,-67,-90,-66,-63,-90,-67,-90,-90,-92,-92,-85,-92,-92,-92,-75,-92,-92,-92,-92,-92,-92,-92,-92,-92,-92
25.15,12.95,92.70700001716614,-70,-84,-90,-88,-92,-67,-90,-63,-63,-90,-69,-90,-90,-92,-92,-90,-92,-92,-92,-70,-92,-92,-92,-92,-92,-92,-92,-92,-92,-92
25.25,13.36,94.21000003814697,-72,-87,-81,-79,-92,-67,-90,-67,-66,-90,-65,-90,-90,-92,-92,-90,-92,-92,-92,-71,-92,-92,-92,-92,-92,-92,-92,-92,-92,-92
25.28,13.77,95.71300005912781,-73,-81,-76,-77,-92,-64,-90,-63,-63,-90,-65,-84,-90,-92,-92,-90,-92,-92,-92,-71,-92,-92,-92,-92,-92,-92,-92,-92,-92,-92
25.27,14.16,97.21700000762939,-72,-90,-81,-86,-92,-60,-90,-65,-64,-90,-64,-90,-89,-92,-92,-90,-92,-92,-92,-73,-92,-92,-92,-92,-92,-92,-92,-92,-92,-92
25.19,14.56,98.72000002861023,-75,-73,-76,-90,-92,-66,-90,-68,-65,-90,-65,-78,-90,-92,-92,-84,-92,-92,-92,-69,-92,-92,-92,-92,-92,-92,-92,-92,-92,-92
25.02,15.01,100.2239999771118,-90,-72,-85,-90,-92,-66,-90,-70,-68,-90,-68,-90,-90,-92,-92,-84,-92,-92,-92,-69,-92,-92,-92,-92,-92,-92,-92,-92,-92,-92
24.9,15.44,101.7269999980927,-90,-71,-87,-90,-92,-66,-90,-69,-68,-90,-68,-72,-89,-92,-92,-87,-92,-92,-92,-69,-92,-92,-92,-92,-92,-92,-92,-92,-92,-92
24.77,15.83,103.2300000190735,-90,-70,-83,-90,-92,-68,-90,-67,-66,-90,-65,-72,-89,-92,-92,-87,-92,-92,-92,-70,-92,-92,-92,-92,-92,-92,-92,-92,-92,-92
24.58,16.26,104.7330000400543,-77,-67,-82,-90,-92,-61,-90,-67,-72,-90,-66,-70,-89,-92,-92,-80,-92,-92,-92,-70,-92,-92,-92,-92,-92,-92,-92,-92,-92,-92
24.42,16.62,106.2360000610352,-75,-71,-82,-90,-92,-65,-90,-67,-69,-90,-67,-73,-90,-92,-92,-81,-92,-92,-92,-69,-92,-92,-92,-92,-92,-92,-92,-92,-92,-92
24.22,17.09,107.7410001754761,-75,-68,-83,-87,-92,-66,-90,-66,-70,-90,-66,-72,-90,-92,-92,-81,-92,-92,-92,-68,-92,-92,-92,-92,-92,-92,-92,-92,-92,-92
24.07,17.58,109.2439999580383,-74,-66,-90,-90,-92,-68,-90,-70,-71,-90,-65,-75,-90,-92,-92,-87,-92,-92,-92,-68,-92,-92,-92,-92,-92,-92,-92,-92,-92,-92
23.93,18.01,110.75,-81,-71,-83,-90,-92,-74,-90,-67,-73,-90,-66,-72,-90,-92,-92,-86,-92,-92,-92,-68,-92,-92,-92,-92,-92,-92,-92,-92,-92,-92
23.73,18.55,112.2530000209808,-81,-78,-88,-90,-92,-68,-86,-71,-72,-90,-65,-76,-87,-92,-92,-84,-92,-92,-92,-69,-92,-92,-92,-92,-92,-92,-92,-92,-92,-92
23.6,18.97,113.7560000419617,-81,-86,-83,-90,-92,-68,-90,-73,-75,-90,-66,-90,-90,-92,-92,-77,-92,-92,-92,-69,-92,-92,-92,-92,-92,-92,-92,-92,-92,-92
23.45,19.38,115.2599999904633,-81,-81,-90,-90,-92,-67,-90,-70,-79,-90,-68,-81,-90,-92,-92,-77,-92,-92,-92,-66,-92,-92,-92,-92,-92,-92,-92,-92,-92,-92
23.27,19.84,116.7630000114441,-92,-88,-84,-90,-92,-69,-87,-76,-71,-90,-63,-83,-90,-92,-92,-77,-92,-92,-92,-63,-75,-92,-92,-92,-92,-92,-92,-92,-92,-92
23.12,20.2,118.2669999599457,-92,-84,-75,-90,-92,-69,-87,-75,-70,-80,-62,-83,-90,-92,-92,-79,-92,-92,-92,-64,-70,-92,-92,-92,-92,-92,-92,-92,-92,-92
22.93,20.7,119.7710001468658,-92,-84,-90,-90,-92,-64,-90,-74,-75,-88,-66,-83,-82,-92,-92,-74,-92,-92,-92,-65,-71,-92,-92,-92,-92,-92,-92,-92,-92,-92
22.77,21.16,121.2740001678467,-92,-90,-81,-90,-92,-69,-90,-71,-71,-90,-66,-83,-82,-92,-92,-75,-92,-92,-92,-62,-76,-92,-92,-92,-92,-92,-92,-92,-92,-92
22.54,21.7,122.7769999504089,-92,-90,-84,-92,-68,-68,-85,-71,-77,-85,-62,-83,-84,-92,-92,-83,-92,-92,-92,-65,-71,-92,-92,-92,-92,-92,-92,-92,-92,-92
22.35,22.16,124.2799999713898,-92,-84,-90,-92,-74,-73,-85,-75,-73,-79,-65,-83,-82,-92,-92,-85,-92,-92,-92,-66,-78,-92,-92,-92,-92,-92,-92,-92,-92,-92
22.14,22.64,125.7829999923706,-92,-84,-77,-92,-71,-71,-87,-71,-70,-77,-64,-83,-84,-92,-92,-79,-92,-92,-92,-67,-78,-92,-92,-92,-92,-92,-92,-92,-92,-92
21.96,23.03,127.2880001068115,-92,-88,-90,-92,-70,-72,-88,-71,-77,-82,-65,-92,-84,-92,-92,-79,-92,-92,-92,-66,-71,-86,-92,-92,-92,-92,-92,-92,-92,-92
21.72,23.58,128.7910001277924,-92,-90,-90,-92,-74,-72,-83,-69,-80,-76,-59,-92,-90,-92,-92,-71,-92,-92,-92,-67,-80,-90,-92,-92,-92,-92,-92,-92,-92,-92
21.49,24.12,130.2950000762939,-92,-90,-85,-92,-70,-78,-78,-75,-86,-71,-63,-92,-90,-92,-92,-71,-92,-92,-92,-67,-78,-90,-92,-92,-92,-92,-92,-92,-92,-92
21.32,24.59,131.7990000247955,-92,-90,-86,-92,-72,-76,-74,-67,-87,-71,-58,-92,-90,-92,-92,-70,-92,-92,-92,-67,-90,-80,-92,-92,-92,-92,-92,-92,-92,-92
21.14,25.04,133.3029999732971,-92,-87,-88,-92,-73,-81,-74,-69,-82,-76,-59,-92,-90,-92,-92,-68,-92,-92,-92,-67,-87,-89,-92,-92,-92,-92,-92,-92,-92,-92
20.92,25.57,134.8070001602173,-92,-87,-90,-92,-73,-76,-71,-69,-75,-73,-61,-92,-90,-92,-92,-73,-92,-92,-92,-68,-83,-90,-92,-92,-92,-92,-92,-92,-92,-92
20.75,26.03,136.3110001087189,-92,-81,-87,-92,-80,-73,-79,-66,-75,-70,-58,-92,-90,-92,-92,-72,-92,-92,-92,-70,-88,-90,-92,-92,-92,-92,-92,-92,-92,-92
20.61,26.45,137.8150000572205,-92,-90,-86,-92,-71,-76,-75,-70,-90,-71,-58,-92,-90,-92,-92,-72,-92,-92,-92,-71,-89,-90,-92,-92,-92,-92,-92,-92,-92,-92
20.43,26.88,139.319000005722,-92,-90,-90,-92,-90,-71,-76,-68,-90,-67,-63,-92,-90,-92,-92,-72,-92,-92,-92,-70,-86,-90,-92,-92,-92,-92,-92,-92,-92,-92
20.25,27.3,140.8229999542236,-92,-90,-90,-92,-80,-69,-76,-68,-90,-71,-57,-92,-79,-92,-92,-73,-92,-92,-92,-71,-82,-90,-92,-92,-92,-92,-92,-92,-92,-92
20.02,27.82,142.3259999752045,-92,-90,-90,-92,-87,-69,-82,-72,-80,-74,-54,-92,-90,-92,-92,-79,-92,-92,-92,-76,-90,-90,-92,-92,-92,-92,-92,-92,-92,-92
19.79,28.26,143.8289999961853,-92,-90,-84,-92,-86,-73,-82,-72,-82,-72,-52,-92,-90,-92,-92,-75,-92,-92,-92,-82,-90,-90,-92,-92,-92,-92,-92,-92,-92,-92
19.63,28.65,145.3320000171661,-92,-90,-90,-92,-90,-70,-90,-77,-87,-68,-52,-92,-90,-92,-92,-75,-92,-92,-92,-85,-90,-90,-92,-92,-92,-92,-92,-92,-92,-92
19.42,29.13,146.8370001316071,-92,-90,-90,-92,-90,-75,-80,-71,-81,-76,-51,-92,-90,-92,-92,-84,-92,-92,-92,-86,-90,-92,-92,-92,-92,-92,-92,-92,-92,-92
19.21,29.59,148.3400001525879,-92,-90,-90,-92,-90,-78,-80,-77,-83,-67,-49,-92,-90,-92,-92,-84,-92,-92,-92,-90,-90,-92,-92,-92,-92,-92,-92,-92,-92,-92
18.98,30,149.8440001010895,-92,-90,-90,-92,-90,-71,-89,-74,-87,-67,-55,-92,-90,-92,-92,-90,-92,-92,-92,-90,-90,-92,-92,-92,-92,-92,-92,-92,-92,-92
18.75,30.45,151.3470001220703,-92,-90,-90,-92,-90,-80,-90,-73,-88,-65,-53,-92,-90,-92,-92,-82,-92,-92,-92,-88,-90,-92,-92,-92,-92,-92,-92,-92,-92,-92
18.44,30.91,152.8500001430511,-92,-90,-90,-92,-90,-72,-89,-81,-84,-64,-49,-92,-90,-92,-92,-82,-92,-92,-92,-83,-90,-92,-92,-92,-92,-92,-92,-92,-92,-92
18.21,31.34,154.3540000915527,-92,-90,-90,-92,-90,-72,-90,-73,-89,-64,-49,-92,-90,-92,-92,-82,-92,-92,-92,-84,-90,-92,-92,-92,-92,-92,-92,-92,-92,-92
17.99,31.76,155.8570001125336,-92,-90,-90,-92,-90,-77,-90,-72,-82,-63,-46,-92,-90,-92,-92,-90,-92,-92,-92,-89,-90,-92,-92,-92,-92,-92,-92,-92,-92,-92
17.86,32.19,157.3610000610352,-92,-90,-90,-92,-90,-83,-90,-76,-79,-67,-47,-92,-92,-92,-92,-88,-92,-92,-92,-90,-90,-90,-92,-92,-92,-92,-92,-92,-92,-92
17.71,32.63,158.864000082016,-92,-90,-90,-92,-90,-81,-90,-80,-84,-65,-49,-92,-92,-92,-92,-88,-92,-92,-92,-90,-90,-90,-92,-92,-92,-92,-92,-92,-92,-92
17.57,33.04,160.3680000305176,-92,-90,-90,-92,-90,-73,-90,-81,-82,-69,-55,-92,-92,-92,-92,-88,-92,-92,-92,-90,-90,-90,-92,-92,-92,-92,-92,-92,-92,-92
17.4,33.45,161.8710000514984,-92,-68,-90,-92,-90,-90,-90,-77,-88,-67,-52,-92,-92,-92,-92,-82,-92,-92,-92,-90,-90,-90,-92,-92,-92,-92,-92,-92,-92,-92
17.22,33.91,163.3740000724792,-92,-63,-90,-92,-90,-90,-90,-90,-89,-71,-56,-92,-92,-92,-92,-82,-92,-92,-92,-90,-90,-88,-92,-92,-92,-92,-92,-92,-92,-92
17,34.36,164.8770000934601,-92,-71,-90,-92,-92,-81,-84,-73,-85,-68,-54,-92,-92,-92,-92,-82,-92,-92,-92,-90,-90,-90,-84,-92,-92,-92,-92,-92,-92,-92
16.83,34.73,166.3800001144409,-92,-68,-90,-92,-92,-76,-84,-75,-88,-69,-52,-92,-92,-92,-92,-82,-92,-92,-92,-92,-77,-90,-79,-92,-92,-92,-92,-92,-92,-92
16.64,35.09,167.8830001354218,-92,-67,-90,-92,-92,-77,-84,-90,-87,-73,-54,-92,-92,-92,-92,-92,-92,-92,-90,-74,-83,-90,-81,-92,-92,-92,-92,-92,-92,-92
16.41,35.59,169.3860001564026,-92,-69,-90,-92,-92,-72,-84,-80,-82,-74,-53,-92,-92,-92,-92,-92,-92,-92,-90,-75,-90,-75,-75,-92,-92,-92,-92,-92,-92,-92
16.21,36.07,170.8890001773834,-92,-71,-90,-92,-92,-77,-90,-80,-89,-77,-57,-92,-92,-92,-92,-92,-92,-92,-79,-74,-78,-83,-70,-92,-92,-92,-92,-92,-92,-92
16.03,36.5,172.393000125885,-92,-69,-90,-92,-92,-80,-90,-90,-90,-70,-57,-92,-92,-92,-92,-92,-92,-92,-79,-72,-76,-88,-72,-92,-92,-92,-92,-92,-92,-92
15.85,36.89,173.8960001468658,-92,-69,-90,-92,-92,-82,-90,-84,-88,-77,-55,-92,-92,-92,-92,-92,-92,-92,-88,-77,-77,-82,-74,-92,-92,-92,-92,-92,-92,-92
15.57,37.31,175.3990001678467,-92,-67,-90,-92,-92,-82,-90,-90,-90,-72,-59,-92,-92,-92,-92,-92,-92,-92,-90,-81,-79,-90,-69,-92,-92,-92,-92,-92,-92,-92
15.34,37.66,176.9019999504089,-92,-75,-90,-92,-92,-81,-90,-90,-86,-77,-55,-92,-92,-92,-92,-92,-92,-92,-90,-76,-77,-74,-66,-92,-92,-92,-92,-92,-92,-92
15.13,38.09,178.4060001373291,-92,-72,-92,-92,-92,-75,-90,-90,-87,-77,-61,-92,-92,-92,-92,-92,-92,-60,-90,-71,-81,-79,-69,-92,-92,-92,-92,-92,-92,-92
14.97,38.48,179.9090001583099,-92,-75,-92,-92,-92,-81,-90,-90,-90,-78,-60,-92,-92,-92,-92,-92,-92,-57,-90,-70,-78,-73,-69,-92,-92,-92,-92,-92,-92,-92
14.84,38.89,181.4120001792908,-92,-69,-92,-92,-92,-90,-90,-90,-88,-77,-58,-92,-92,-92,-92,-92,-92,-59,-90,-77,-85,-75,-71,-92,-92,-92,-92,-92,-92,-92
14.64,39.27,182.914999961853,-92,-74,-92,-92,-92,-84,-90,-90,-85,-78,-59,-92,-92,-92,-92,-92,-92,-56,-90,-81,-90,-74,-65,-90,-92,-92,-92,-92,-92,-92
14.4,39.68,184.4200000762939,-92,-80,-92,-92,-92,-90,-90,-90,-82,-76,-58,-92,-92,-92,-92,-92,-92,-53,-92,-81,-90,-70,-70,-90,-92,-92,-92,-92,-92,-92
13.98,40,185.9230000972748,-92,-74,-92,-92,-92,-73,-92,-90,-85,-81,-64,-92,-92,-92,-92,-92,-92,-54,-92,-85,-90,-78,-68,-90,-90,-92,-92,-92,-92,-92
13.68,40.25,187.4260001182556,-92,-81,-92,-92,-92,-75,-92,-85,-90,-87,-57,-92,-92,-92,-92,-92,-92,-51,-92,-86,-90,-67,-62,-90,-81,-85,-92,-92,-92,-92
13.34,40.37,188.9320001602173,-92,-90,-92,-92,-92,-90,-92,-79,-84,-86,-57,-92,-92,-92,-92,-92,-92,-54,-92,-83,-77,-68,-57,-90,-90,-82,-92,-92,-92,-92
13.01,40.34,190.4360001087189,-92,-75,-92,-92,-92,-90,-92,-80,-90,-79,-60,-92,-92,-92,-92,-92,-92,-47,-92,-84,-90,-67,-58,-90,-71,-83,-92,-92,-92,-92
12.5,40.22,191.9400000572205,-92,-82,-92,-92,-92,-90,-92,-77,-90,-79,-62,-92,-92,-92,-92,-92,-92,-47,-92,-77,-90,-70,-61,-90,-68,-85,-92,-92,-92,-92
12.09,40.08,193.444000005722,-92,-90,-92,-92,-92,-90,-92,-83,-90,-83,-65,-92,-92,-92,-92,-92,-92,-49,-92,-79,-90,-64,-56,-90,-71,-90,-92,-92,-92,-92
11.69,39.97,194.9479999542236,-92,-90,-92,-92,-92,-90,-92,-78,-90,-81,-67,-92,-92,-92,-92,-92,-92,-46,-92,-76,-90,-66,-61,-90,-71,-86,-92,-92,-92,-92
11.22,39.88,196.4520001411438,-92,-90,-92,-92,-92,-90,-92,-78,-90,-84,-71,-92,-92,-92,-92,-92,-92,-49,-92,-79,-90,-65,-60,-90,-72,-90,-92,-92,-92,-92
10.87,39.76,197.9550001621246,-92,-90,-92,-92,-92,-90,-92,-86,-90,-85,-68,-92,-92,-92,-92,-92,-92,-46,-92,-79,-90,-69,-55,-90,-74,-90,-92,-92,-92,-92
10.43,39.57,199.4580001831055,-92,-90,-92,-92,-92,-90,-92,-87,-90,-87,-71,-92,-92,-92,-92,-92,-92,-46,-92,-90,-90,-67,-58,-90,-70,-90,-92,-92,-92,-92
9.890000000000001,39.26,200.9609999656677,-92,-90,-92,-92,-92,-92,-92,-81,-90,-82,-71,-92,-92,-92,-92,-92,-92,-47,-92,-90,-90,-67,-58,-90,-73,-90,-90,-92,-92,-92
9.609999999999999,39.16,202.4650001525879,-92,-90,-92,-92,-92,-92,-92,-79,-90,-73,-79,-92,-92,-92,-92,-92,-92,-43,-92,-75,-90,-66,-60,-88,-70,-90,-90,-92,-92,-92
9.09,38.98,203.9680001735687,-92,-90,-92,-92,-92,-92,-92,-87,-90,-69,-72,-92,-92,-92,-92,-92,-92,-47,-92,-75,-92,-64,-60,-90,-69,-90,-90,-90,-92,-92
8.65,38.89,205.470999956131,-92,-90,-92,-92,-92,-92,-92,-83,-90,-68,-78,-92,-92,-92,-92,-92,-92,-46,-92,-90,-92,-69,-57,-90,-68,-90,-90,-90,-92,-92
8.27,38.79,206.9739999771118,-92,-90,-92,-92,-92,-92,-92,-75,-90,-70,-73,-92,-92,-92,-92,-92,-92,-45,-92,-90,-92,-67,-66,-90,-69,-85,-90,-90,-92,-92
7.93,38.67,208.4769999980927,-92,-90,-92,-92,-92,-92,-92,-84,-90,-67,-78,-92,-92,-92,-92,-92,-92,-46,-92,-90,-92,-64,-63,-90,-70,-90,-90,-90,-92,-92
7.48,38.49,209.9809999465942,-92,-92,-92,-92,-92,-92,-92,-75,-90,-67,-87,-92,-92,-92,-92,-92,-92,-51,-92,-90,-92,-66,-64,-90,-69,-90,-90,-90,-92,-92
7.04,38.3,211.4850001335144,-92,-92,-92,-92,-92,-92,-92,-77,-90,-65,-80,-92,-92,-92,-92,-92,-92,-45,-79,-92,-92,-67,-61,-86,-71,-90,-89,-90,-92,-92
6.75,38.18,212.9880001544952,-92,-92,-92,-92,-92,-92,-92,-69,-90,-61,-75,-92,-92,-92,-92,-92,-92,-39,-75,-92,-92,-72,-60,-90,-70,-90,-90,-90,-92,-92
6.26,38.04,214.4930000305176,-92,-92,-92,-92,-92,-92,-92,-71,-90,-63,-81,-92,-92,-92,-92,-92,-92,-45,-81,-92,-92,-63,-63,-90,-73,-90,-90,-90,-92,-92
5.75,37.94,215.9960000514984,-92,-92,-92,-92,-92,-92,-90,-69,-81,-57,-77,-92,-92,-92,-92,-92,-92,-54,-75,-92,-92,-70,-67,-90,-75,-90,-90,-92,-92,-92
5.47,37.66,217.4990000724792,-92,-92,-92,-92,-92,-92,-82,-64,-73,-57,-85,-92,-92,-92,-92,-92,-92,-54,-75,-92,-92,-68,-63,-90,-75,-90,-90,-92,-92,-92
5.34,37.27,219.0020000934601,-92,-92,-92,-92,-92,-92,-90,-65,-71,-59,-88,-92,-92,-92,-92,-92,-92,-51,-73,-92,-92,-78,-69,-90,-72,-90,-90,-92,-92,-92
5.37,36.82,220.5050001144409,-92,-92,-92,-92,-92,-92,-90,-65,-72,-59,-86,-92,-92,-92,-92,-92,-92,-55,-75,-92,-92,-75,-67,-90,-79,-90,-90,-92,-92,-92
5.97,35.33,222.0090000629425,-92,-92,-92,-92,-92,-92,-83,-68,-78,-56,-90,-90,-92,-92,-92,-92,-92,-58,-69,-92,-92,-78,-69,-90,-87,-90,-90,-92,-92,-92
6.26,34.9,223.5130000114441,-92,-92,-92,-92,-92,-92,-80,-67,-73,-54,-90,-90,-92,-92,-92,-92,-92,-59,-69,-92,-92,-90,-74,-90,-90,-90,-92,-92,-92,-92
6.54,34.36,225.0160000324249,-92,-92,-92,-92,-92,-92,-74,-67,-81,-51,-90,-90,-92,-92,-92,-92,-92,-62,-71,-92,-92,-78,-77,-90,-90,-92,-92,-92,-92,-92
6.93,33.37,226.5199999809265,-92,-92,-92,-92,-92,-92,-79,-68,-76,-51,-90,-90,-92,-92,-92,-92,-92,-61,-70,-92,-92,-75,-71,-90,-90,-92,-92,-92,-92,-92
7.29,32.58,228.0230000019073,-92,-90,-92,-92,-92,-92,-72,-66,-70,-56,-87,-90,-92,-92,-92,-92,-92,-64,-69,-92,-92,-81,-69,-92,-90,-92,-92,-92,-92,-92
7.45,32.28,229.5260000228882,-92,-90,-92,-92,-92,-92,-90,-67,-77,-53,-90,-90,-92,-92,-92,-92,-92,-65,-64,-92,-92,-90,-71,-92,-92,-92,-92,-92,-92,-92
7.74,31.71,231.029000043869,-92,-90,-92,-92,-92,-92,-71,-63,-75,-52,-90,-90,-92,-92,-92,-92,-92,-63,-68,-92,-92,-86,-71,-90,-92,-92,-92,-92,-92,-92
8.109999999999999,30.7,232.5329999923706,-92,-88,-92,-92,-92,-92,-76,-64,-69,-45,-90,-90,-92,-92,-92,-92,-92,-64,-72,-92,-92,-88,-73,-90,-92,-92,-92,-92,-63,-92
8.43,29.89,234.0360000133514,-92,-86,-92,-92,-92,-92,-80,-63,-72,-48,-90,-90,-92,-92,-92,-92,-92,-68,-67,-92,-92,-90,-79,-90,-92,-92,-92,-92,-68,-92
8.58,29.49,235.539999961853,-92,-90,-92,-92,-92,-92,-82,-67,-72,-50,-90,-90,-92,-92,-92,-92,-92,-64,-68,-92,-92,-90,-75,-90,-92,-92,-92,-92,-62,-92
8.800000000000001,28.97,237.0440001487732,-92,-86,-92,-92,-92,-92,-73,-64,-69,-49,-90,-90,-92,-92,-92,-92,-92,-67,-65,-92,-92,-90,-82,-90,-92,-92,-92,-92,-61,-92
9.15,28.19,238.547000169754,-92,-90,-92,-92,-92,-92,-70,-61,-70,-47,-88,-87,-92,-92,-92,-92,-92,-67,-66,-92,-92,-90,-90,-90,-92,-92,-92,-92,-66,-92
9.470000000000001,27.39,240.0499999523163,-92,-90,-92,-92,-92,-92,-69,-64,-74,-45,-80,-90,-92,-92,-92,-92,-92,-70,-67,-92,-92,-90,-90,-89,-92,-92,-92,-92,-62,-81
9.77,26.67,241.5529999732971,-92,-90,-92,-92,-92,-92,-71,-65,-73,-43,-89,-90,-92,-92,-92,-92,-92,-69,-63,-92,-92,-92,-76,-90,-92,-92,-92,-92,-68,-81
9.74,26.75,243.055999994278,-92,-77,-92,-92,-92,-92,-73,-64,-75,-39,-85,-90,-92,-92,-92,-73,-92,-67,-63,-92,-92,-92,-90,-86,-92,-92,-92,-92,-73,-88
9.949999999999999,26.21,244.5600001811981,-92,-90,-92,-92,-92,-92,-75,-62,-70,-35,-80,-84,-92,-92,-92,-68,-92,-70,-61,-92,-92,-92,-90,-90,-92,-92,-92,-92,-68,-83
10.36,25.18,246.0629999637604,-92,-90,-92,-92,-92,-92,-71,-65,-75,-39,-72,-88,-92,-92,-92,-69,-92,-70,-64,-92,-92,-92,-90,-87,-92,-92,-92,-92,-59,-75
10.7,24.34,247.5670001506805,-92,-82,-92,-92,-92,-92,-70,-65,-70,-39,-74,-81,-92,-92,-92,-70,-92,-76,-62,-92,-92,-92,-90,-87,-92,-92,-92,-92,-61,-71
10.95,23.81,249.0710000991821,-92,-89,-92,-92,-92,-92,-71,-66,-70,-41,-69,-90,-92,-92,-92,-67,-92,-77,-64,-92,-92,-92,-90,-90,-92,-92,-92,-92,-58,-80
11.25,23.1,250.574000120163,-92,-82,-92,-92,-92,-92,-69,-59,-73,-40,-71,-90,-92,-92,-92,-67,-92,-73,-60,-92,-92,-92,-90,-78,-92,-92,-92,-92,-54,-74
11.46,22.61,252.0770001411438,-92,-78,-92,-92,-92,-92,-72,-62,-72,-43,-71,-90,-92,-92,-92,-71,-92,-75,-66,-92,-92,-92,-90,-88,-92,-92,-92,-92,-59,-75
11.64,22.13,253.5800001621246,-92,-79,-92,-92,-92,-92,-72,-55,-73,-50,-69,-89,-92,-92,-92,-67,-92,-73,-66,-92,-92,-92,-90,-88,-92,-92,-92,-92,-68,-80
11.66,22.07,255.0830001831055,-92,-71,-92,-92,-92,-92,-66,-60,-70,-50,-71,-87,-92,-92,-92,-72,-92,-76,-62,-92,-92,-92,-90,-90,-92,-92,-92,-92,-62,-76
11.62,22.04,256.5870001316071,-92,-76,-92,-92,-92,-92,-67,-59,-71,-43,-68,-82,-92,-92,-92,-69,-92,-74,-64,-92,-92,-92,-90,-85,-92,-92,-92,-92,-63,-76
11.5,22.32,258.0910000801086,-92,-71,-92,-92,-92,-92,-67,-56,-70,-48,-68,-82,-92,-92,-92,-67,-92,-72,-67,-92,-92,-92,-90,-90,-92,-92,-92,-92,-61,-81
11.54,22.18,259.595999956131,-92,-72,-92,-92,-92,-92,-71,-54,-70,-47,-71,-84,-92,-92,-92,-70,-92,-75,-67,-92,-92,-92,-90,-88,-92,-92,-92,-92,-60,-77
11.54,22.19,261.1010000705719,-92,-68,-92,-92,-92,-92,-63,-54,-72,-51,-77,-80,-92,-92,-92,-64,-92,-81,-68,-92,-92,-92,-90,-81,-92,-92,-92,-92,-68,-90
11.73,21.72,262.6040000915527,-92,-72,-92,-92,-92,-92,-65,-53,-70,-52,-74,-83,-92,-92,-92,-64,-92,-78,-67,-92,-92,-92,-90,-89,-92,-92,-92,-92,-60,-90
12.11,20.78,264.1080000400543,-92,-74,-92,-92,-92,-92,-69,-58,-73,-51,-76,-83,-92,-92,-92,-65,-92,-76,-68,-92,-92,-92,-90,-90,-92,-92,-92,-92,-56,-79
12.29,20.32,265.6110000610352,-92,-77,-92,-92,-92,-92,-69,-58,-71,-52,-78,-83,-92,-92,-92,-63,-92,-73,-69,-92,-92,-92,-90,-90,-92,-92,-92,-92,-61,-79
12.58,19.55,267.114000082016,-92,-72,-92,-92,-92,-92,-66,-51,-74,-48,-79,-82,-92,-92,-92,-63,-92,-80,-68,-92,-92,-92,-90,-84,-92,-92,-92,-92,-68,-79
12.93,18.7,268.6180000305176,-92,-69,-92,-92,-92,-92,-63,-55,-70,-57,-73,-83,-92,-92,-92,-60,-92,-80,-70,-92,-92,-92,-90,-90,-92,-92,-92,-92,-67,-79
13.2,18.17,270.1210000514984,-92,-68,-92,-92,-92,-92,-60,-52,-72,-52,-79,-79,-92,-92,-92,-62,-92,-80,-69,-92,-92,-92,-90,-90,-92,-92,-92,-92,-73,-90
13.41,17.83,271.6240000724792,-92,-69,-92,-90,-92,-92,-62,-53,-69,-53,-77,-80,-92,-92,-92,-61,-92,-79,-76,-92,-92,-92,-90,-90,-92,-92,-92,-92,-67,-90
13.78,16.97,273.1270000934601,-92,-65,-92,-90,-92,-92,-61,-54,-69,-59,-72,-80,-92,-92,-92,-59,-92,-75,-71,-92,-92,-92,-90,-90,-92,-92,-92,-92,-90,-90
14.07,16.41,274.6310000419617,-92,-65,-92,-90,-92,-92,-64,-51,-66,-56,-78,-80,-92,-92,-92,-65,-92,-81,-78,-92,-92,-92,-90,-90,-92,-92,-92,-92,-90,-90
14.35,15.87,276.1340000629425,-92,-63,-92,-88,-92,-92,-60,-46,-69,-56,-90,-71,-92,-92,-92,-65,-92,-81,-75,-92,-92,-92,-90,-90,-92,-92,-92,-92,-90,-90
14.46,15.63,277.6370000839233,-92,-66,-92,-90,-90,-92,-63,-46,-68,-55,-77,-68,-92,-92,-92,-59,-92,-81,-81,-92,-92,-92,-90,-90,-92,-92,-92,-92,-65,-92
14.62,15.31,279.1410000324249,-92,-62,-92,-86,-90,-92,-63,-49,-68,-55,-90,-69,-92,-92,-92,-63,-92,-73,-81,-92,-92,-92,-90,-92,-92,-92,-92,-92,-67,-92
14.73,15.08,280.6440000534058,-92,-64,-92,-90,-90,-92,-56,-46,-66,-58,-74,-68,-92,-92,-92,-62,-92,-73,-73,-92,-92,-92,-90,-92,-92,-92,-92,-92,-66,-92
15.06,14.45,282.1470000743866,-92,-70,-92,-86,-90,-92,-60,-45,-68,-66,-79,-67,-92,-92,-92,-61,-92,-78,-71,-92,-92,-92,-90,-92,-92,-92,-92,-92,-66,-92
15.48,13.64,283.6500000953674,-92,-64,-92,-85,-90,-92,-61,-46,-65,-62,-86,-70,-92,-92,-92,-61,-92,-79,-80,-92,-92,-92,-90,-92,-92,-92,-92,-92,-65,-92
15.75,13.2,285.1530001163483,-92,-63,-92,-89,-92,-92,-58,-48,-66,-66,-80,-68,-92,-92,-92,-61,-92,-79,-82,-92,-92,-92,-90,-92,-92,-92,-92,-92,-65,-92
16.06,12.54,286.6560001373291,-75,-67,-92,-85,-92,-92,-56,-45,-65,-64,-90,-70,-92,-92,-92,-65,-92,-73,-74,-92,-92,-90,-92,-92,-92,-92,-92,-92,-72,-92
16.27,12.12,288.1590001583099,-71,-64,-92,-90,-92,-92,-57,-40,-65,-62,-90,-68,-92,-92,-92,-61,-90,-82,-86,-92,-92,-90,-92,-92,-92,-92,-92,-92,-72,-92
16.47,11.68,289.6620001792908,-68,-64,-92,-86,-92,-92,-67,-43,-60,-71,-90,-64,-92,-92,-92,-63,-90,-87,-86,-92,-92,-90,-92,-92,-92,-92,-92,-92,-72,-92
16.63,11.44,291.164999961853,-73,-60,-92,-82,-92,-92,-60,-48,-63,-63,-90,-68,-92,-92,-92,-60,-90,-83,-90,-92,-92,-90,-92,-92,-92,-92,-92,-92,-67,-92
16.6,11.57,292.6690001487732,-75,-60,-92,-88,-92,-92,-62,-42,-60,-67,-90,-67,-92,-92,-92,-64,-90,-84,-90,-92,-92,-90,-92,-92,-92,-92,-92,-92,-69,-92
16.72,11.36,294.1730000972748,-71,-61,-92,-88,-92,-92,-62,-36,-62,-65,-90,-63,-92,-92,-92,-66,-85,-90,-79,-92,-92,-90,-92,-92,-92,-92,-92,-92,-76,-92
16.63,11.54,295.6770000457764,-78,-59,-92,-86,-92,-92,-67,-37,-59,-64,-90,-63,-92,-92,-92,-64,-90,-87,-80,-92,-92,-90,-92,-92,-92,-92,-92,-92,-73,-92
16.53,11.64,297.180999994278,-73,-60,-92,-79,-92,-92,-61,-43,-63,-69,-84,-66,-92,-92,-92,-66,-87,-86,-89,-92,-92,-90,-92,-92,-92,-92,-92,-92,-74,-92
16.64,11.44,298.6840000152588,-68,-61,-92,-81,-92,-92,-63,-36,-62,-68,-84,-64,-92,-92,-92,-69,-90,-83,-90,-92,-92,-90,-92,-92,-92,-92,-92,-92,-74,-92
16.78,11.17,300.1879999637604,-73,-59,-92,-84,-92,-92,-66,-37,-61,-64,-84,-63,-92,-92,-92,-67,-89,-82,-83,-92,-92,-90,-92,-92,-92,-92,-92,-92,-74,-92
16.96,10.85,301.6909999847412,-68,-61,-92,-87,-92,-92,-64,-41,-59,-65,-90,-61,-92,-92,-92,-74,-90,-85,-83,-92,-92,-90,-92,-92,-92,-92,-92,-92,-74,-92
16.77,11.23,303.1960000991821,-70,-62,-92,-87,-92,-92,-65,-40,-57,-66,-90,-60,-92,-92,-92,-68,-88,-87,-78,-92,-92,-90,-92,-92,-92,-92,-92,-92,-74,-92
16.87,11.07,304.699000120163,-68,-59,-92,-82,-92,-92,-68,-37,-57,-68,-90,-67,-92,-92,-92,-64,-90,-87,-90,-92,-92,-90,-92,-92,-92,-92,-92,-92,-74,-92
16.83,11.13,306.2020001411438,-72,-57,-92,-78,-92,-92,-65,-44,-56,-66,-90,-66,-92,-92,-92,-67,-90,-87,-90,-92,-92,-90,-92,-92,-92,-92,-92,-92,-73,-92
16.9,10.97,307.7060000896454,-68,-60,-92,-70,-92,-92,-72,-38,-59,-72,-88,-69,-92,-92,-92,-70,-79,-87,-83,-92,-92,-90,-92,-92,-92,-92,-92,-92,-73,-92
16.31,12.09,309.2090001106262,-71,-57,-92,-69,-92,-92,-79,-37,-55,-73,-90,-68,-92,-92,-92,-68,-90,-87,-90,-92,-92,-90,-92,-92,-92,-92,-92,-92,-79,-92
16.52,11.67,310.7120001316071,-68,-58,-92,-72,-92,-92,-72,-41,-54,-68,-90,-68,-92,-92,-92,-70,-90,-90,-75,-92,-92,-90,-92,-92,-92,-92,-92,-92,-87,-92
16.44,11.79,312.2150001525879,-68,-64,-92,-71,-92,-92,-69,-50,-56,-67,-90,-68,-92,-92,-92,-67,-90,-79,-82,-92,-92,-90,-92,-92,-92,-92,-92,-92,-87,-92
16.64,11.4,313.7180001735687,-64,-66,-90,-71,-92,-92,-70,-45,-59,-72,-90,-65,-92,-92,-92,-73,-90,-90,-82,-92,-92,-92,-92,-92,-92,-92,-92,-92,-87,-92
16.85,11,315.220999956131,-62,-61,-90,-71,-92,-92,-72,-51,-58,-69,-90,-64,-92,-92,-92,-74,-90,-73,-82,-92,-92,-92,-92,-92,-92,-92,-92,-92,-87,-92
17.01,10.59,316.7250001430511,-64,-60,-90,-69,-92,-80,-76,-48,-58,-68,-87,-71,-92,-92,-92,-73,-90,-78,-90,-92,-92,-92,-92,-92,-92,-92,-92,-92,-92,-92
17.24,10.22,318.2290000915527,-65,-61,-90,-65,-92,-82,-73,-50,-56,-72,-87,-68,-92,-92,-92,-78,-90,-79,-90,-92,-92,-92,-92,-92,-92,-92,-92,-92,-92,-92
17.62,10.01,319.7320001125336,-66,-63,-90,-68,-92,-80,-71,-50,-56,-70,-84,-72,-92,-92,-92,-75,-90,-79,-90,-92,-92,-92,-92,-92,-92,-92,-92,-92,-92,-92
18.09,9.960000000000001,321.2360000610352,-65,-65,-90,-68,-92,-75,-71,-52,-55,-72,-87,-79,-92,-92,-92,-83,-90,-79,-90,-92,-92,-92,-92,-92,-92,-92,-92,-92,-92,-92
18.41,9.92,322.7400000095367,-64,-65,-90,-72,-92,-71,-75,-50,-55,-77,-85,-72,-92,-92,-92,-78,-90,-79,-90,-92,-92,-92,-92,-92,-92,-92,-92,-92,-92,-92
